ticker,name,industry,market
1101,台泥,,tse
1102,亞泥,,tse
1103,嘉泥,,tse
1104,環泥,,tse
1108,幸福,,tse
1109,信大,,tse
1110,東泥,,tse
1201,味全,,tse
1203,味王,,tse
1210,大成,,tse
1213,大飲,,tse
1215,卜蜂,,tse
1216,統一,,tse
1217,愛之味,,tse
1218,泰山,,tse
1219,福壽,,tse
1220,台榮,,tse
1225,福懋油,,tse
1227,佳格,,tse
1229,聯華,,tse
1231,聯華食,,tse
1232,大統益,,tse
1233,天仁,,tse
1234,黑松,,tse
1235,興泰,,tse
1236,宏亞,,tse
1240,茂生農經,,otc
1256,鮮活果汁-KY,,tse
1259,安心,觀光餐旅,otc
1264,德麥,,otc
1268,漢來美食,觀光餐旅,otc
1294,漢田生技,,otc
1295,生合,,otc
1301,台塑,,tse
1303,南亞,,tse
1304,台聚,,tse
1305,華夏,,tse
1307,三芳,,tse
1308,亞聚,,tse
1309,台達化,,tse
1310,台苯,,tse
1312,國喬,,tse
1312A,國喬特,,tse
1313,聯成,,tse
1314,中石化,,tse
1315,達新,,tse
1316,上曜,營建,tse
1319,東陽,汽車,tse
1321,大洋,,tse
1323,永裕,,tse
1324,地球,,tse
1325,恆大,,tse
1326,台化,,tse
1336,台翰,電子組件,otc
1337,再生-KY,,tse
1338,廣華-KY,汽車,tse
1339,昭輝,汽車,tse
1340,勝悅-KY,,tse
1341,富林-KY,,tse
1342,八貫,其他,tse
1402,遠東新,,tse
1409,新纖,,tse
1410,南染,,tse
1413,宏洲,,tse
1414,東和,,tse
1416,廣豐,其他,tse
1417,嘉裕,,tse
1418,東華,,tse
1419,新紡,,tse
1423,利華,,tse
1432,大魯閣,,tse
1434,福懋,,tse
1435,中福,其他,tse
1436,華友聯,營建,tse
1437,勤益控,其他,tse
1438,三地開發,營建,tse
1439,雋揚,營建,tse
1440,南紡,,tse
1441,大東,,tse
1442,名軒,營建,tse
1443,立益物流,其他,tse
1444,力麗,,tse
1445,大宇,,tse
1446,宏和,,tse
1447,力鵬,,tse
1449,佳和,,tse
1451,年興,,tse
1452,宏益,,tse
1453,大將,營建,tse
1454,台富,,tse
1455,集盛,,tse
1456,怡華,營建,tse
1457,宜進,,tse
1459,聯發,,tse
1460,宏遠,,tse
1463,強盛新,,tse
1464,得力,,tse
1465,偉全,,tse
1466,聚隆,,tse
1467,南緯,,tse
1468,昶和,,tse
1470,大統新創,,tse
1471,首利,電子組件,tse
1472,三洋實業,營建,tse
1473,台南,,tse
1474,弘裕,,tse
1475,業旺,,tse
1476,儒鴻,,tse
1477,聚陽,,tse
1503,士電,電機,tse
1504,東元,電機,tse
1506,正道,電機,tse
1512,瑞利,汽車,tse
1513,中興電,電機,tse
1514,亞力,電機,tse
1515,力山,電機,tse
1516,川飛,其他,tse
1517,利奇,電機,tse
1519,華城,電機,tse
1521,大億,汽車,tse
1522,堤維西,汽車,tse
1524,耿鼎,汽車,tse
1525,江申,汽車,tse
1526,日馳,電機,tse
1527,鑽全,電機,tse
1528,恩德,電機,tse
1529,樂事綠能,電機,tse
1530,亞崴,電機,tse
1531,高林股,電機,tse
1532,勤美,電機,tse
1533,車王電,汽車,tse
1535,中宇,電機,tse
1536,和大,汽車,tse
1537,廣隆,電機,tse
1538,正峰,電機,tse
1539,巨庭,電機,tse
1540,喬福,電機,tse
1541,錩泰,電機,tse
1558,伸興,電機,tse
1560,中砂,電機,tse
1563,巧新,汽車,tse
1565,精華,生技,otc
1568,倉佑,汽車,tse
1569,濱川,電腦週邊,otc
1570,力肯,電機,otc
1580,新麥,電機,otc
1582,信錦,電子組件,tse
1583,程泰,電機,tse
1584,精剛,其他,otc
1586,和勤,電機,otc
1587,吉茂,汽車,tse
1589,永冠-KY,電機,tse
1590,亞德客-KY,電機,tse
1591,駿吉-KY,電機,otc
1593,祺驊,,otc
1595,川寶,電子組件,otc
1597,直得,電機,tse
1598,岱宇,,tse
1599,宏佳騰,電機,otc
1603,華電,電器,tse
1604,聲寶,電器,tse
1605,華新,電器,tse
1608,華榮,電器,tse
1609,大亞,電器,tse
1611,中電,電器,tse
1612,宏泰,電器,tse
1614,三洋電,電器,tse
1615,大山,電器,tse
1616,億泰,電器,tse
1617,榮星,電器,tse
1618,合機,電器,tse
1623,大東電,電器,tse
1626,艾美特-KY,電器,tse
1702,南僑,,tse
1707,葡萄王,生技,tse
1708,東鹼,化學,tse
1709,和益,化學,tse
1710,東聯,化學,tse
1711,永光,化學,tse
1712,興農,化學,tse
1713,國化,化學,tse
1714,和桐,化學,tse
1717,長興,化學,tse
1718,中纖,化學,tse
1720,生達,生技,tse
1721,三晃,化學,tse
1722,台肥,化學,tse
1723,中碳,化學,tse
1725,元禎,化學,tse
1726,永記,化學,tse
1727,中華化,化學,tse
1730,花仙子,化學,tse
1731,美吾華,生技,tse
1732,毛寶,化學,tse
1733,五鼎,生技,tse
1734,杏輝,生技,tse
1735,日勝化,化學,tse
1736,喬山,,tse
1737,臺鹽,,tse
1742,台蠟,化學,otc
1752,南光,生技,tse
1760,寶齡富錦,生技,tse
1762,中化生,生技,tse
1773,勝一,化學,tse
1776,展宇,化學,tse
1777,生泰,生技,otc
1781,合世,生技,otc
1783,和康生,生技,tse
1784,訊聯,生技,otc
1785,光洋科,其他電子,otc
1786,科妍,生技,tse
1788,杏昌,生技,otc
1789,神隆,生技,tse
1795,美時,生技,tse
1796,金穎生技,,otc
1799,易威,生技,otc
1802,台玻,玻璃,tse
1805,寶徠,營建,tse
1806,冠軍,玻璃,tse
1808,潤隆,營建,tse
1809,中釉,玻璃,tse
1810,和成,玻璃,tse
1813,寶利徠,生技,otc
1815,富喬,電子組件,otc
1817,凱撒衛,玻璃,tse
1903,士紙,,tse
1904,正隆,,tse
1905,華紙,,tse
1906,寶隆,,tse
1907,永豐餘,,tse
1909,榮成,,tse
2002,中鋼,,tse
2002A,中鋼特,,tse
2006,東和鋼鐵,,tse
2007,燁興,,tse
2008,高興昌,,tse
2009,第一銅,,tse
2010,春源,,tse
2012,春雨,,tse
2013,中鋼構,,tse
2014,中鴻,,tse
2015,豐興,,tse
2017,官田鋼,,tse
2020,美亞,,tse
2022,聚亨,,tse
2023,燁輝,,tse
2024,志聯,,tse
2025,千興,,tse
2027,大成鋼,,tse
2028,威致,,tse
2029,盛餘,,tse
2030,彰源,,tse
2031,新光鋼,,tse
2032,新鋼,,tse
2033,佳大,,tse
2034,允強,,tse
2035,唐榮,,otc
2038,海光,,tse
2049,上銀,電機,tse
2059,川湖,電子組件,tse
2061,風青,電器,otc
2062,橋椿,,tse
2063,世鎧,,otc
2064,晉椿,,otc
2065,世豐,,otc
2066,世德,電機,otc
2067,嘉鋼,電機,otc
2069,運錩,,tse
2070,精湛,電機,otc
2073,雄順,,otc
2101,南港,,tse
2102,泰豐,,tse
2103,台橡,,tse
2104,國際中橡,,tse
2105,正新,,tse
2106,建大,,tse
2107,厚生,,tse
2108,南帝,,tse
2109,華豐,,tse
2114,鑫永銓,,tse
2115,六暉-KY,汽車,tse
2201,裕隆,汽車,tse
2204,中華,汽車,tse
2206,三陽工業,汽車,tse
2207,和泰車,汽車,tse
2208,台船,航運,tse
2211,長榮鋼,,tse
2221,大甲,其他,otc
2227,裕日車,汽車,tse
2228,劍麟,汽車,tse
2230,泰茂,電機,otc
2231,為升,汽車,tse
2233,宇隆,汽車,tse
2235,謚源,電機,otc
2236,百達-KY,汽車,tse
2239,英利-KY,汽車,tse
2241,艾姆勒,汽車,tse
2243,宏旭-KY,汽車,tse
2247,汎德永業,汽車,tse
2248,華勝-KY,汽車,tse
2250,IKKA-KY,汽車,tse
2254,巨鎧精密-創,汽車,tse
2258,鴻華先進-創,汽車,tse
2301,光寶科,電腦週邊,tse
2302,麗正,半導體,tse
2303,聯電,半導體,tse
2305,全友,電腦週邊,tse
2308,台達電,電子組件,tse
2312,金寶,其他電子,tse
2313,華通,電子組件,tse
2314,台揚,網通,tse
2316,楠梓電,電子組件,tse
2317,鴻海,其他電子,tse
2321,東訊,網通,tse
2323,中環,光電,tse
2324,仁寶,電腦週邊,tse
2327,國巨*,電子組件,tse
2328,廣宇,電子組件,tse
2329,華泰,半導體,tse
2330,台積電,半導體,tse
2331,精英,電腦週邊,tse
2332,友訊,網通,tse
2337,旺宏,半導體,tse
2338,光罩,半導體,tse
2340,台亞,半導體,tse
2342,茂矽,半導體,tse
2344,華邦電,半導體,tse
2345,智邦,網通,tse
2347,聯強,電子通路,tse
2348,海悅,其他,tse
2349,錸德,光電,tse
2351,順德,半導體,tse
2352,佳世達,電腦週邊,tse
2353,宏碁,電腦週邊,tse
2354,鴻準,其他電子,tse
2355,敬鵬,電子組件,tse
2356,英業達,電腦週邊,tse
2357,華碩,電腦週邊,tse
2359,所羅門,其他電子,tse
2360,致茂,其他電子,tse
2362,藍天,電腦週邊,tse
2363,矽統,半導體,tse
2364,倫飛,電腦週邊,tse
2365,昆盈,電腦週邊,tse
2367,燿華,電子組件,tse
2368,金像電,電子組件,tse
2369,菱生,半導體,tse
2371,大同,電機,tse
2373,震旦行,其他電子,tse
2374,佳能,光電,tse
2375,凱美,電子組件,tse
2376,技嘉,電腦週邊,tse
2377,微星,電腦週邊,tse
2379,瑞昱,半導體,tse
2380,虹光,電腦週邊,tse
2382,廣達,電腦週邊,tse
2383,台光電,電子組件,tse
2385,群光,電子組件,tse
2387,精元,電腦週邊,tse
2388,威盛,半導體,tse
2390,云辰,其他電子,tse
2392,正崴,電子組件,tse
2393,億光,光電,tse
2395,研華,電腦週邊,tse
2397,友通,電腦週邊,tse
2399,映泰,電腦週邊,tse
2401,凌陽,半導體,tse
2402,毅嘉,電子組件,tse
2404,漢唐,其他電子,tse
2405,輔信,電腦週邊,tse
2406,國碩,光電,tse
2408,南亞科,半導體,tse
2409,友達,光電,tse
2412,中華電,網通,tse
2413,環科,電子組件,tse
2414,精技,電子通路,tse
2415,錩新,電子組件,tse
2417,圓剛,電腦週邊,tse
2419,仲琦,網通,tse
2420,新巨,電子組件,tse
2421,建準,電子組件,tse
2423,固緯,其他電子,tse
2424,隴華,網通,tse
2425,承啟,電腦週邊,tse
2426,鼎元,光電,tse
2427,三商電,,tse
2428,興勤,電子組件,tse
2429,銘旺科,光電,tse
2430,燦坤,電子通路,tse
2431,聯昌,電子組件,tse
2432,倚天酷碁-創,電腦週邊,tse
2433,互盛電,其他電子,tse
2434,統懋,半導體,tse
2436,偉詮電,半導體,tse
2438,翔耀,光電,tse
2439,美律,網通,tse
2440,太空梭,電子組件,tse
2441,超豐,半導體,tse
2442,新美齊,營建,tse
2444,兆勁,網通,tse
2449,京元電子,半導體,tse
2450,神腦,網通,tse
2451,創見,半導體,tse
2453,凌群,,tse
2454,聯發科,半導體,tse
2455,全新,網通,tse
2457,飛宏,電子組件,tse
2458,義隆,半導體,tse
2459,敦吉,其他電子,tse
2460,建通,電子組件,tse
2461,光群雷,其他電子,tse
2462,良得電,電子組件,tse
2464,盟立,其他電子,tse
2465,麗臺,電腦週邊,tse
2466,冠西電,光電,tse
2467,志聖,電子組件,tse
2468,華經,,tse
2471,資通,,tse
2472,立隆電,電子組件,tse
2474,可成,其他電子,tse
2476,鉅祥,電子組件,tse
2477,美隆電,其他電子,tse
2478,大毅,電子組件,tse
2480,敦陽科,,tse
2481,強茂,半導體,tse
2482,連宇,其他電子,tse
2483,百容,電子組件,tse
2484,希華,電子組件,tse
2485,兆赫,網通,tse
2486,一詮,光電,tse
2488,漢平,其他電子,tse
2489,瑞軒,光電,tse
2491,吉祥全,光電,tse
2492,華新科,電子組件,tse
2493,揚博,電子組件,tse
2495,普安,電腦週邊,tse
2496,卓越,其他,tse
2497,怡利電,汽車,tse
2498,宏達電,網通,tse
2501,國建,營建,tse
2504,國產,營建,tse
2505,國揚,營建,tse
2506,太設,營建,tse
2509,全坤建,營建,tse
2511,太子,營建,tse
2514,龍邦,營建,tse
2515,中工,營建,tse
2516,新建,營建,tse
2520,冠德,營建,tse
2524,京城,營建,tse
2527,宏璟,營建,tse
2528,皇普,營建,tse
2530,華建,營建,tse
2534,宏盛,營建,tse
2535,達欣工,營建,tse
2536,宏普,營建,tse
2537,聯上發,營建,tse
2538,基泰,營建,tse
2539,櫻花建,營建,tse
2540,愛山林,營建,tse
2542,興富發,營建,tse
2543,皇昌,營建,tse
2545,皇翔,營建,tse
2546,根基,營建,tse
2547,日勝生,營建,tse
2548,華固,營建,tse
2596,綠意,營建,otc
2597,潤弘,營建,tse
2601,益航,,tse
2603,長榮,航運,tse
2605,新興,航運,tse
2606,裕民,航運,tse
2607,榮運,航運,tse
2608,嘉里大榮,航運,tse
2609,陽明,航運,tse
2610,華航,航運,tse
2611,志信,航運,tse
2612,中航,航運,tse
2613,中櫃,航運,tse
2614,東森,其他,tse
2615,萬海,航運,tse
2616,山隆,,tse
2617,台航,航運,tse
2618,長榮航,航運,tse
2630,亞航,航運,tse
2633,台灣高鐵,航運,tse
2634,漢翔,航運,tse
2636,台驊控股,航運,tse
2637,慧洋-KY,航運,tse
2640,大車隊,,otc
2641,正德,航運,otc
2642,宅配通,航運,tse
2643,捷迅,航運,otc
2645,長榮航太,航運,tse
2646,星宇航空,航運,tse
2701,萬企,觀光餐旅,tse
2702,華園,觀光餐旅,tse
2704,國賓,觀光餐旅,tse
2705,六福,觀光餐旅,tse
2706,第一店,觀光餐旅,tse
2707,晶華,觀光餐旅,tse
2712,遠雄來,觀光餐旅,tse
2718,全心投控,營建,otc
2719,燦星旅,觀光餐旅,otc
2722,夏都,觀光餐旅,tse
2723,美食-KY,觀光餐旅,tse
2724,藝舍-KY,其他,otc
2726,雅茗-KY,觀光餐旅,otc
2727,王品,觀光餐旅,tse
2729,瓦城,觀光餐旅,otc
2731,雄獅,觀光餐旅,tse
2732,六角,觀光餐旅,otc
2734,易飛網,觀光餐旅,otc
2736,富野,觀光餐旅,otc
2739,寒舍,觀光餐旅,tse
2740,天蔥,觀光餐旅,otc
2743,山富,觀光餐旅,otc
2745,五福,觀光餐旅,otc
2748,雲品,觀光餐旅,tse
2751,王座,觀光餐旅,otc
2752,豆府,觀光餐旅,otc
2753,八方雲集,觀光餐旅,tse
2754,亞洲藏壽司,觀光餐旅,otc
2755,揚秦,觀光餐旅,otc
2756,聯發國際,觀光餐旅,otc
2762,世界健身-KY,,tse
2801,彰銀,,tse
2812,台中銀,,tse
2816,旺旺保,,tse
2820,華票,,tse
2832,台產,,tse
2834,臺企銀,,tse
2836,高雄銀,,tse
2838,聯邦銀,,tse
2845,遠東銀,,tse
2849,安泰銀,,tse
2850,新產,,tse
2851,中再保,,tse
2852,第一保,,tse
2855,統一證,,tse
2867,三商壽,,tse
2880,華南金,,tse
2881,富邦金,,tse
2882,國泰金,,tse
2883,凱基金,,tse
2884,玉山金,,tse
2885,元大金,,tse
2886,兆豐金,,tse
2887,台新新光金,,tse
2889,國票金,,tse
2890,永豐金,,tse
2891,中信金,,tse
2892,第一金,,tse
2897,王道銀行,,tse
2901,欣欣,,tse
2903,遠百,,tse
2904,匯僑,其他,tse
2905,三商,,tse
2906,高林,,tse
2908,特力,,tse
2910,統領,,tse
2911,麗嬰房,,tse
2912,統一超,,tse
2913,農林,,tse
2915,潤泰全,,tse
2916,滿心,,otc
2923,鼎固-KY,營建,tse
2924,宏太-KY,,otc
2926,誠品生活,,otc
2929,淘帝-KY,,tse
2937,集雅社,,otc
2939,永邑-KY,,tse
2941,米斯特,,otc
2945,三商家購,,tse
2947,振宇五金,,otc
2948,寶陞,,otc
2949,欣新網,,otc
3002,歐格,電腦週邊,tse
3003,健和興,電子組件,tse
3004,豐達科,,tse
3005,神基,電腦週邊,tse
3006,晶豪科,半導體,tse
3008,大立光,光電,tse
3010,華立,電子通路,tse
3011,今皓,電子組件,tse
3013,晟銘電,電腦週邊,tse
3014,聯陽,半導體,tse
3015,全漢,電子組件,tse
3016,嘉晶,半導體,tse
3017,奇鋐,電腦週邊,tse
3018,隆銘綠能,其他電子,tse
3019,亞光,光電,tse
3021,鴻名,電子組件,tse
3022,威強電,電腦週邊,tse
3023,信邦,電子組件,tse
3024,憶聲,光電,tse
3025,星通,網通,tse
3026,禾伸堂,電子組件,tse
3027,盛達,網通,tse
3028,增你強,電子通路,tse
3029,零壹,,tse
3030,德律,其他電子,tse
3031,佰鴻,光電,tse
3032,偉訓,電子組件,tse
3033,威健,電子通路,tse
3034,聯詠,半導體,tse
3035,智原,半導體,tse
3036,文曄,電子通路,tse
3036A,文曄甲特,,tse
3037,欣興,電子組件,tse
3038,全台,光電,tse
3040,遠見,其他,tse
3041,揚智,半導體,tse
3042,晶技,電子組件,tse
3043,科風,其他電子,tse
3044,健鼎,電子組件,tse
3045,台灣大,網通,tse
3046,建碁,電腦週邊,tse
3047,訊舟,網通,tse
3048,益登,電子通路,tse
3049,精金,光電,tse
3050,鈺德,光電,tse
3051,力特,光電,tse
3052,夆典,營建,tse
3054,立萬利,,tse
3055,蔚華科,電子通路,tse
3056,富華新,營建,tse
3057,喬鼎,電腦週邊,tse
3058,立德,電子組件,tse
3059,華晶科,光電,tse
3060,銘異,電腦週邊,tse
3062,建漢,網通,tse
3064,泰偉,,otc
3066,李洲,光電,otc
3067,全域,其他電子,otc
3071,協禧,電腦週邊,otc
3073,天方能源,綠能環保,otc
3078,僑威,電子組件,otc
3081,聯亞,網通,otc
3083,網龍,,otc
3085,新零售,,otc
3086,華義,,otc
3088,艾訊,電腦週邊,otc
3090,日電貿,電子組件,tse
3092,鴻碩,電子組件,tse
3093,港建*,其他電子,otc
3094,聯傑,半導體,tse
3095,及成,網通,otc
3105,穩懋,半導體,otc
3114,好德,電子組件,otc
3115,富榮綱,電子組件,otc
3118,進階,生技,otc
3122,笙泉,半導體,otc
3128,昇銳,光電,otc
3130,一零四,,tse
3131,弘塑,其他電子,otc
3135,凌航,半導體,tse
3138,耀登,網通,tse
3141,晶宏,半導體,otc
3147,大綜,,otc
3149,正達,光電,tse
3150,鈺寶-創,半導體,tse
3152,璟德,網通,otc
3158,嘉實,,otc
3162,精確,電機,otc
3163,波若威,網通,otc
3164,景岳,生技,tse
3167,大量,電機,tse
3168,眾福科,光電,tse
3169,亞信,半導體,otc
3171,炎洲流通,,otc
3176,基亞,生技,otc
3178,公準,半導體,otc
3188,鑫龍騰,營建,otc
3189,景碩,半導體,tse
3191,雲嘉南,電子組件,otc
3205,佰研,生技,otc
3206,志豐,電子組件,otc
3207,耀勝,電子組件,otc
3209,全科,電子通路,tse
3211,順達,電腦週邊,otc
3213,茂訊,電腦週邊,otc
3217,優群,電子組件,otc
3218,大學光,生技,otc
3219,倚強科,其他電子,otc
3221,台嘉碩,網通,otc
3224,三顧,電子通路,otc
3226,龍鋒,電機,otc
3227,原相,半導體,otc
3228,金麗科,半導體,otc
3229,晟鈦,電子組件,tse
3230,錦明,光電,otc
3231,緯創,電腦週邊,tse
3232,昱捷,電子通路,otc
3234,光環,網通,otc
3236,千如,電子組件,otc
3252,海灣,觀光餐旅,otc
3257,虹冠電,半導體,tse
3259,鑫創,半導體,otc
3260,威剛,半導體,otc
3264,欣銓,半導體,otc
3265,台星科,半導體,otc
3266,昇陽,營建,tse
3268,海德威,半導體,otc
3272,東碩,電腦週邊,otc
3276,宇環,電子組件,otc
3284,太普高,其他,otc
3285,微端,其他電子,otc
3287,廣寰科,電腦週邊,otc
3288,點晶,電子組件,otc
3289,宜特,其他電子,otc
3290,東浦,電子組件,otc
3293,鈊象,,otc
3294,英濟,電子組件,otc
3296,勝德,電子組件,tse
3297,杭特,光電,otc
3303,岱稜,其他電子,otc
3305,昇貿,其他電子,tse
3306,鼎天,網通,otc
3308,聯德,電子組件,tse
3310,佳穎,電子組件,otc
3311,閎暉,網通,tse
3312,弘憶股,電子通路,tse
3313,斐成,其他,otc
3317,尼克森,半導體,otc
3321,同泰,電子組件,tse
3322,建舜電,電子組件,otc
3323,加百裕,電腦週邊,otc
3324,雙鴻,其他電子,otc
3325,旭品,電腦週邊,otc
3332,幸康,電子組件,otc
3338,泰碩,電子組件,tse
3339,泰谷,光電,otc
3346,麗清,汽車,tse
3349,寶德,電腦週邊,otc
3354,律勝,電子組件,otc
3356,奇偶,光電,tse
3357,臺慶科,電子組件,otc
3360,尚立,電子通路,otc
3362,先進光,光電,otc
3363,上詮,網通,otc
3372,典範,半導體,otc
3373,熱映,其他電子,otc
3374,精材,半導體,otc
3376,新日興,電子組件,tse
3379,彬台,電機,otc
3380,明泰,網通,tse
3388,崇越電,電子組件,otc
3390,旭軟,電子組件,otc
3402,漢科,其他電子,otc
3406,玉晶光,光電,tse
3413,京鼎,半導體,tse
3416,融程電,電腦週邊,tse
3419,譁裕,網通,tse
3426,台興,電機,otc
3430,奇鈦科,化學,otc
3432,台端,電子組件,tse
3434,哲固,光電,otc
3437,榮創,光電,tse
3438,類比科,半導體,otc
3441,聯一光,光電,otc
3443,創意,半導體,tse
3444,利機,電子通路,otc
3447,展達,網通,tse
3450,聯鈞,半導體,tse
3454,晶睿,光電,tse
3455,由田,光電,otc
3465,進泰電子,其他電子,otc
3466,德晉,網通,otc
3467,台灣精材,半導體,otc
3479,安勤,電腦週邊,otc
3481,群創,光電,tse
3483,力致,電腦週邊,otc
3484,崧騰,電子組件,otc
3489,森寶,營建,otc
3490,單井,光電,otc
3491,昇達科,網通,otc
3492,長盛,電子組件,otc
3494,誠研,電腦週邊,tse
3498,陽程,其他電子,otc
3499,環天科,網通,otc
3501,維熹,電子組件,tse
3504,揚明光,光電,tse
3508,位速,其他電子,otc
3511,矽瑪,電子組件,otc
3512,皇龍,營建,otc
3515,華擎,電腦週邊,tse
3516,亞帝歐,光電,otc
3518,柏騰,其他電子,tse
3520,華盈,電子組件,otc
3521,鴻翊,營建,otc
3522,御嵿,觀光餐旅,otc
3523,迎輝,光電,otc
3526,凡甲,電子組件,otc
3527,聚積,半導體,otc
3528,安馳,電子通路,tse
3529,力旺,半導體,otc
3530,晶相光,半導體,tse
3531,先益,光電,otc
3532,台勝科,半導體,tse
3533,嘉澤,電子組件,tse
3535,晶彩科,光電,tse
3537,堡達,電子組件,otc
3540,曜越,電腦週邊,otc
3541,西柏,其他電子,otc
3543,州巧,光電,tse
3545,敦泰,半導體,tse
3546,宇峻,,otc
3548,兆利,電子組件,otc
3550,聯穎,電子組件,tse
3551,世禾,綠能環保,otc
3552,同致,其他電子,otc
3555,博士旺,半導體,otc
3556,禾瑞亞,半導體,otc
3557,嘉威,,tse
3558,神準,網通,otc
3563,牧德,光電,tse
3564,其陽,網通,otc
3567,逸昌,半導體,otc
3570,大塚,,otc
3576,聯合再生,光電,tse
3577,泓格,電腦週邊,otc
3580,友威科,其他電子,otc
3581,博磊,半導體,otc
3583,辛耘,半導體,tse
3587,閎康,其他電子,otc
3588,通嘉,半導體,tse
3591,艾笛森,光電,tse
3592,瑞鼎,半導體,tse
3593,力銘,電子組件,tse
3594,磐儀,電腦週邊,otc
3596,智易,網通,tse
3597,映興,電子組件,otc
3605,宏致,電子組件,tse
3607,谷崧,電子組件,tse
3609,三一東林,電子組件,otc
3611,鼎翰,電腦週邊,otc
3615,安可,光電,otc
3617,碩天,其他電子,tse
3622,洋華,光電,tse
3623,富晶通,光電,otc
3624,光頡,電子組件,otc
3625,西勝,電腦週邊,otc
3628,盈正,其他電子,otc
3629,地心引力,,otc
3630,新鉅科,光電,otc
3631,晟楠,電子組件,otc
3632,研勤,網通,otc
3645,達邁,電子組件,tse
3646,艾恩特,電子組件,otc
3652,精聯,電腦週邊,tse
3653,健策,電子組件,tse
3661,世芯-KY,半導體,tse
3663,鑫科,其他電子,otc
3664,安瑞-KY,網通,otc
3665,貿聯-KY,其他電子,tse
3666,光耀,光電,otc
3669,圓展,網通,tse
3672,康聯訊,網通,otc
3673,TPK-KY,光電,tse
3675,德微,半導體,otc
3679,新至陞,電子組件,tse
3680,家登,半導體,otc
3684,榮昌,網通,otc
3685,元創精密,電機,otc
3686,達能,半導體,tse
3687,歐買尬,,otc
3689,湧德,電子組件,otc
3691,碩禾,光電,otc
3693,營邦,電腦週邊,otc
3694,海華,網通,tse
3701,大眾控,電腦週邊,tse
3702,大聯大,電子通路,tse
3703,欣陸,營建,tse
3704,合勤控,網通,tse
3705,永信,生技,tse
3706,神達,電腦週邊,tse
3707,漢磊,半導體,otc
3708,上緯投控,綠能環保,tse
3709,鑫聯大投控,電腦週邊,otc
3710,連展投控,電子組件,otc
3711,日月光投控,半導體,tse
3712,永崴投控,電腦週邊,tse
3713,新晶投控,綠能環保,otc
3714,富采,光電,tse
3715,定穎投控,電子組件,tse
3716,中化控股,生技,tse
3717,聯嘉投控,汽車,tse
4102,永日,生技,otc
4104,佳醫,生技,tse
4105,東洋,生技,otc
4106,雃博,生技,tse
4107,邦特,生技,otc
4108,懷特,生技,tse
4109,加捷生醫,生技,otc
4111,濟生,生技,otc
4113,聯上,營建,otc
4114,健喬,生技,otc
4116,明基醫,生技,otc
4119,旭富,生技,tse
4120,友華,生技,otc
4121,優盛,生技,otc
4123,晟德,生技,otc
4126,太醫,生技,otc
4127,天良,生技,otc
4128,中天,生技,otc
4129,聯合,生技,otc
4130,健亞,生技,otc
4131,浩泰,生技,otc
4133,亞諾法,生技,tse
4137,麗豐-KY,生技,tse
4138,曜亞,生技,otc
4139,馬光-KY,生技,otc
4142,國光生,生技,tse
4147,中裕,生技,otc
4148,全宇生技-KY,生技,tse
4153,鈺緯,生技,otc
4154,樂威科-KY,其他,otc
4155,訊映,生技,tse
4157,太景*-KY,生技,otc
4160,訊聯基因,生技,otc
4161,聿新科,生技,otc
4162,智擎,生技,otc
4163,鐿鈦,生技,otc
4164,承業醫,生技,tse
4166,友霖,生技,otc
4167,松瑞藥,生技,otc
4168,醣聯,生技,otc
4171,瑞基,,otc
4173,久裕,生技,otc
4174,浩鼎,生技,otc
4175,杏一,生技,otc
4183,福永生技,生技,otc
4188,安克,生技,otc
4190,佐登-KY,生技,tse
4192,杏國,生技,otc
4198,欣大健康,生技,otc
4205,中華食,,otc
4207,環泰,,otc
4303,信立,,otc
4304,勝昱,,otc
4305,世坤,,otc
4306,炎洲,,tse
4401,東隆興,,otc
4402,郡都開發,,otc
4406,新昕纖,,otc
4413,飛寶企業,,otc
4414,如興,,tse
4416,三圓,營建,otc
4417,金洲,,otc
4419,皇家美食,觀光餐旅,otc
4420,光明,,otc
4426,利勤,,tse
4430,耀億,其他,otc
4432,銘旺實,,otc
4433,興采,,otc
4438,廣越,,tse
4439,冠星-KY,,tse
4440,宜新實業,,tse
4441,振大環球,,tse
4442,竣邦-KY,,otc
4502,健信,電機,otc
4503,金雨,電機,otc
4506,崇友,電機,otc
4510,高鋒,電機,otc
4513,福裕,電機,otc
4523,永彰,電機,otc
4526,東台,電機,tse
4527,方土霖,電機,otc
4528,江興鍛,電機,otc
4529,淳紳,其他,otc
4530,宏易,觀光餐旅,otc
4532,瑞智,電機,tse
4533,協易機,電機,otc
4534,慶騰,電機,otc
4535,至興,電機,otc
4536,拓凱,,tse
4538,大詠城,電機,otc
4540,全球傳動,電機,tse
4541,晟田,其他,otc
4542,科嶠,電子組件,otc
4543,萬在,電機,otc
4545,銘鈺,電子組件,tse
4549,桓達,電機,otc
4550,長佳,電機,otc
4551,智伸科,汽車,tse
4552,力達-KY,電機,tse
4554,橙的,其他電子,otc
4555,氣立,電機,tse
4556,旭然,其他,otc
4557,永新-KY,汽車,tse
4558,寶緯,電機,otc
4560,強信-KY,電機,tse
4561,健椿,電機,otc
4562,穎漢,電機,tse
4563,百德,電機,otc
4564,元翎,電機,tse
4566,時碩工業,電機,tse
4568,科際精密,電機,otc
4569,六方科-KY,汽車,tse
4571,鈞興-KY,電機,tse
4572,駐龍,電機,tse
4576,大銀微系統,電機,tse
4577,達航科技,其他電子,otc
4580,捷流閥業,電機,otc
4581,光隆精密-KY,汽車,tse
4583,台灣精銳,電機,tse
4584,君帆,電機,otc
4585,達明,其他電子,tse
4588,玖鼎電力,其他電子,tse
4609,唐鋒,,otc
4702,中美實,,otc
4706,大恭,化學,otc
4707,磐亞,化學,otc
4711,永純,化學,otc
4714,永捷,化學,otc
4716,大立,化學,otc
4720,德淵,化學,tse
4721,美琪瑪,化學,otc
4722,國精化,化學,tse
4726,永昕,生技,otc
4728,雙美,生技,otc
4729,熒茂,光電,otc
4735,豪展,生技,otc
4736,泰博,生技,tse
4737,華廣,生技,tse
4739,康普,化學,tse
4741,泓瀚,化學,otc
4743,合一,生技,otc
4744,皇將,生技,otc
4745,合富-KY,生技,otc
4746,台耀,生技,tse
4747,強生,生技,otc
4749,新應材,半導體,otc
4754,國碳科,化學,otc
4755,三福化,化學,tse
4760,勤凱,其他電子,otc
4763,材料*-KY,化學,tse
4764,雙鍵,化學,tse
4766,南寶,化學,tse
4767,誠泰科技,化學,otc
4768,晶呈科技,化學,otc
4770,上品,化學,tse
4771,望隼,生技,tse
4772,台特化,化學,otc
4806,桂田文創,,otc
4807,日成-KY,,tse
4903,聯光通,網通,otc
4904,遠傳,網通,tse
4905,台聯電,網通,otc
4906,正文,網通,tse
4907,富宇,營建,otc
4908,前鼎,網通,otc
4909,新復興,網通,otc
4911,德英,生技,otc
4912,聯德控股-KY,電子組件,tse
4915,致伸,電子組件,tse
4916,事欣科,電腦週邊,tse
4919,新唐,半導體,tse
4923,力士,半導體,otc
4924,欣厚-KY,電腦週邊,otc
4927,泰鼎-KY,電子組件,tse
4930,燦星網,電器,tse
4931,新盛力,電腦週邊,otc
4933,友輝,光電,otc
4934,太極,光電,tse
4935,茂林-KY,光電,tse
4938,和碩,電腦週邊,tse
4939,亞電,電子組件,otc
4942,嘉彰,光電,tse
4943,康控-KY,電子組件,tse
4946,辣椒,,otc
4949,有成精密,光電,tse
4950,金耘國際,,otc
4951,精拓科,半導體,otc
4952,凌通,半導體,tse
4953,緯軟,,otc
4956,光鋐,光電,tse
4958,臻鼎-KY,電子組件,tse
4960,誠美材,光電,tse
4961,天鈺,半導體,tse
4966,譜瑞-KY,半導體,otc
4967,十銓,半導體,tse
4968,立積,半導體,tse
4971,IET-KY,半導體,otc
4972,湯石照明,光電,otc
4973,廣穎,半導體,otc
4974,亞泰,電子組件,otc
4976,佳凌,光電,tse
4977,眾達-KY,網通,tse
4979,華星光,網通,otc
4987,科誠,電腦週邊,otc
4989,榮科,電子組件,tse
4991,環宇-KY,半導體,otc
4994,傳奇,,tse
4995,晶達,光電,otc
4999,鑫禾,電子組件,tse
5007,三星,,tse
5009,榮剛,,otc
5011,久陽,,otc
5013,強新,,otc
5014,建錩,,otc
5015,華祺,,otc
5016,松和,,otc
5201,凱衛,,otc
5202,力新,,otc
5203,訊連,,tse
5205,中茂,綠能環保,otc
5206,坤悅,營建,otc
5209,新鼎,其他,otc
5210,寶碩,,otc
5211,蒙恬,,otc
5212,凌網,,otc
5213,亞昕,營建,otc
5215,科嘉-KY,電腦週邊,tse
5220,萬達光電,光電,otc
5222,全訊,半導體,tse
5223,安力-KY,電腦週邊,otc
5225,東科-KY,其他電子,tse
5227,立凱-KY,電子組件,otc
5228,鈺鎧,電子組件,otc
5230,雷笛克光學,光電,otc
5234,達興材料,光電,tse
5236,凌陽創新,半導體,otc
5243,乙盛-KY,光電,tse
5244,弘凱,光電,tse
5245,智晶,光電,otc
5251,天鉞電,光電,otc
5258,虹堡,電腦週邊,tse
5263,智崴,,otc
5269,祥碩,半導體,tse
5272,笙科,半導體,otc
5274,信驊,半導體,otc
5276,達輝-KY,其他,otc
5278,尚凡*,,otc
5283,禾聯碩,電器,tse
5284,jpp-KY,其他,tse
5285,界霖,半導體,tse
5287,數字,,otc
5288,豐祥-KY,電機,tse
5289,宜鼎,電腦週邊,otc
5291,邑昇,電子組件,otc
5292,華懋,綠能環保,tse
5299,杰力,半導體,otc
5301,寶得利,觀光餐旅,otc
5302,太欣,半導體,otc
5306,桂盟,,tse
5309,系統電,電子組件,otc
5310,天剛,,otc
5312,寶島科,生技,otc
5314,世紀*,其他,otc
5315,光聯,光電,otc
5321,美而快,,otc
5324,士開,營建,otc
5328,華容,電子組件,otc
5340,建榮,電子組件,otc
5344,立衛,半導體,otc
5345,馥鴻,其他,otc
5347,世界,半導體,otc
5348,正能量智能,,otc
5351,鈺創,半導體,otc
5353,台林,網通,otc
5355,佳總,電子組件,otc
5356,協益,電腦週邊,otc
5364,力麗店,觀光餐旅,otc
5371,中光電,光電,otc
5381,合正,電子組件,otc
5386,青雲,電腦週邊,otc
5388,中磊,網通,tse
5392,能率,光電,otc
5398,慕康生醫,其他,otc
5403,中菲,,otc
5410,國眾,,otc
5425,台半,半導體,otc
5426,振發,電腦週邊,otc
5432,新門,綠能環保,otc
5434,崇越,電子通路,tse
5438,東友,電腦週邊,otc
5439,高技,電子組件,otc
5443,均豪,半導體,otc
5450,南良,其他,otc
5452,佶優,其他電子,otc
5455,昇益,營建,otc
5457,宣德,電子組件,otc
5460,同協,電子組件,otc
5464,霖宏,電子組件,otc
5465,富驊,電腦週邊,otc
5468,凱鈺,半導體,otc
5469,瀚宇博,電子組件,tse
5471,松翰,半導體,tse
5474,聰泰,電腦週邊,otc
5475,德宏,電子組件,otc
5478,智冠,,otc
5481,新華,其他,otc
5483,中美晶,半導體,otc
5484,慧友,光電,tse
5487,通泰,半導體,otc
5488,松普,電子組件,otc
5489,彩富,其他電子,otc
5490,同亨,電腦週邊,otc
5493,三聯,其他電子,otc
5498,凱崴,電子組件,otc
5508,永信建,營建,otc
5511,德昌,營建,otc
5512,力麒,營建,otc
5514,三豐,營建,otc
5515,建國,營建,tse
5516,雙喜,營建,otc
5519,隆大,營建,tse
5520,力泰,營建,otc
5521,工信,營建,tse
5522,遠雄,營建,tse
5523,豐謙,營建,otc
5525,順天,營建,tse
5529,鉅陞,營建,otc
5530,龍巖,其他,otc
5531,鄉林,營建,tse
5533,皇鼎,營建,tse
5534,長虹,營建,tse
5536,聖暉*,其他電子,otc
5538,東明-KY,,tse
5543,桓鼎-KY,營建,otc
5546,永固-KY,營建,tse
5548,安倉,營建,otc
5601,台聯櫃,航運,otc
5603,陸海,航運,otc
5604,中連,其他,otc
5607,遠雄港,航運,tse
5608,四維航,航運,tse
5609,中菲行,航運,otc
5701,劍湖山,觀光餐旅,otc
5703,亞都,觀光餐旅,otc
5704,老爺知,觀光餐旅,otc
5706,鳳凰,觀光餐旅,tse
5864,致和證,,otc
5871,中租-KY,其他,tse
5876,上海商銀,,tse
5878,台名,,otc
5880,合庫金,,tse
5902,德記,,otc
5903,全家,,otc
5904,寶雅,,otc
5905,南仁湖,觀光餐旅,otc
5906,台南-KY,,tse
5907,大洋-KY,,tse
6005,群益證,,tse
6015,宏遠證,,otc
6016,康和證,,otc
6020,大展證,,otc
6021,美好證,,otc
6023,元大期,,otc
6024,群益期,,tse
6026,福邦證,,otc
6101,寬魚國際,,otc
6103,合邦,半導體,otc
6104,創惟,半導體,otc
6108,競國,電子組件,tse
6109,亞元,網通,otc
6111,大宇資,,otc
6112,邁達特,,tse
6113,亞矽,電子通路,otc
6114,久威,電子組件,otc
6115,鎰勝,電子組件,tse
6116,彩晶,光電,tse
6117,迎廣,電腦週邊,tse
6118,建達,電子通路,otc
6120,達運,光電,tse
6121,新普,電腦週邊,otc
6122,擎邦,電機,otc
6123,上奇,,otc
6124,業強,電子組件,otc
6125,廣運,光電,otc
6126,信音,電子組件,otc
6127,九豪,電子組件,otc
6128,上福,電腦週邊,tse
6129,普誠,半導體,otc
6130,上亞科技,生技,otc
6133,金橋,電子組件,tse
6134,萬旭,電子組件,otc
6136,富爾特,網通,tse
6138,茂達,半導體,otc
6139,亞翔,其他電子,tse
6140,訊達,,otc
6141,柏承,電子組件,tse
6142,友勁,網通,tse
6143,振曜,網通,otc
6144,得利影,,otc
6146,耕興,其他電子,otc
6147,頎邦,半導體,otc
6148,驊宏資,,otc
6150,撼訊,電腦週邊,otc
6151,晉倫,其他電子,otc
6152,百一,網通,tse
6153,嘉聯益,電子組件,tse
6154,順發,電子通路,otc
6155,鈞寶,電子組件,tse
6156,松上,電子組件,otc
6158,禾昌,電子組件,otc
6160,欣技,電腦週邊,otc
6161,捷波,電腦週邊,otc
6163,華電網,網通,otc
6164,華興,光電,tse
6165,浪凡,,tse
6166,凌華,電腦週邊,tse
6167,久正,光電,otc
6168,宏齊,光電,tse
6169,昱泉,,otc
6170,統振,網通,otc
6171,大城地產,營建,otc
6173,信昌電,電子組件,otc
6174,安碁,電子組件,otc
6175,立敦,電子組件,otc
6176,瑞儀,光電,tse
6177,達麗,營建,tse
6179,亞通,其他,otc
6180,橘子,,otc
6182,合晶,半導體,otc
6183,關貿,,tse
6184,大豐電,其他,tse
6185,幃翔,電子組件,otc
6186,新潤,營建,otc
6187,萬潤,半導體,otc
6188,廣明,電腦週邊,otc
6189,豐藝,電子通路,tse
6190,萬泰科,網通,otc
6191,精成科,電子組件,tse
6192,巨路,其他電子,tse
6194,育富,電子組件,otc
6195,詩肯,,otc
6196,帆宣,其他電子,tse
6197,佳必琪,電子組件,tse
6198,瑞築,營建,otc
6199,天品,其他,otc
6201,亞弘電,其他電子,tse
6202,盛群,半導體,tse
6203,海韻電,電子組件,otc
6204,艾華,電子組件,otc
6205,詮欣,電子組件,tse
6206,飛捷,電腦週邊,tse
6207,雷科,電子組件,otc
6208,日揚,半導體,otc
6209,今國光,光電,tse
6210,慶生,電子組件,otc
6212,理銘,營建,otc
6213,聯茂,電子組件,tse
6214,精誠,,tse
6215,和椿,其他電子,tse
6216,居易,網通,tse
6217,中探針,電子組件,otc
6218,豪勉,網通,otc
6219,富旺,營建,otc
6220,岳豐,電子組件,otc
6221,晉泰,,otc
6222,立軒,光電,otc
6223,旺矽,半導體,otc
6224,聚鼎,電子組件,tse
6225,天瀚,光電,tse
6226,光鼎,光電,tse
6227,茂綸,電子通路,otc
6228,全譜,電腦週邊,otc
6229,研通,半導體,otc
6230,尼得科超眾,電腦週邊,tse
6231,系微,,otc
6233,旺玖,半導體,otc
6234,高僑,光電,otc
6235,華孚,電腦週邊,tse
6236,中湛,其他,otc
6237,驊訊,半導體,otc
6239,力成,半導體,tse
6240,松崗,,otc
6241,易通展,網通,otc
6242,立康,生技,otc
6243,迅杰,半導體,tse
6244,茂迪,光電,otc
6245,立端,網通,otc
6246,臺龍,光電,otc
6248,沛波,,otc
6257,矽格,半導體,tse
6259,百徽,電子組件,otc
6261,久元,半導體,otc
6263,普萊德,網通,otc
6264,富裔,營建,otc
6265,方土昶,電子通路,otc
6266,泰詠,電子組件,otc
6269,台郡,電子組件,tse
6270,倍微,電子通路,otc
6271,同欣電,半導體,tse
6272,驊陞,電子組件,tse
6274,台燿,電子組件,otc
6275,元山,電子組件,otc
6276,安鈦克,電腦週邊,otc
6277,宏正,電腦週邊,tse
6278,台表科,光電,tse
6279,胡連,電子組件,otc
6281,全國電,電子通路,tse
6282,康舒,電子組件,tse
6283,淳安,其他電子,tse
6284,佳邦,電子組件,otc
6285,啟碁,網通,tse
6290,良維,電子組件,otc
6291,沛亨,半導體,otc
6292,迅德,電子組件,otc
6294,智基,,otc
6405,悅城,光電,tse
6409,旭隼,其他電子,tse
6411,晶焱,半導體,otc
6412,群電,電子組件,tse
6414,樺漢,電腦週邊,tse
6415,矽力*-KY,半導體,tse
6416,瑞祺電通,網通,tse
6417,韋僑,網通,otc
6418,詠昇,電子組件,otc
6419,京晨科,光電,otc
6423,億而得-創,半導體,otc
6425,易發,電機,otc
6426,統新,網通,tse
6431,光麗-KY,生技,tse
6432,今展科,電子組件,otc
6435,大中,半導體,otc
6438,迅得,其他電子,tse
6441,廣錠,電腦週邊,otc
6442,光聖,網通,tse
6443,元晶,光電,tse
6446,藥華藥,生技,tse
6449,鈺邦,電子組件,tse
6451,訊芯-KY,半導體,tse
6456,GIS-KY,光電,tse
6461,益得,生技,otc
6462,神盾,半導體,otc
6464,台數科,其他,tse
6465,威潤,網通,otc
6469,大樹,生技,otc
6470,宇智,網通,otc
6472,保瑞,生技,tse
6474,華豫寧,電子通路,otc
6477,安集,光電,tse
6482,弘煜科,,otc
6485,點序,半導體,otc
6486,互動,網通,otc
6488,環球晶,半導體,otc
6491,晶碩,生技,tse
6492,生華科,生技,otc
6494,九齊,半導體,otc
6496,科懋,生技,otc
6498,久禾光,光電,otc
6499,益安,生技,otc
6504,南六,其他,tse
6505,台塑化,,tse
6506,雙邦,,otc
6508,惠光,,otc
6509,聚和,化學,otc
6510,精測,半導體,otc
6512,啟發電,其他電子,otc
6515,穎崴,半導體,tse
6516,勤崴國際,,otc
6517,保勝光學,光電,otc
6523,達爾膚,生技,otc
6525,捷敏-KY,半導體,tse
6526,達發,半導體,tse
6527,明達醫,生技,otc
6530,創威,網通,otc
6531,愛普*,半導體,tse
6532,瑞耘,半導體,otc
6533,晶心科,半導體,tse
6534,正瀚-創,生技,tse
6535,順藥,生技,otc
6538,倉和,電子組件,otc
6541,泰福-KY,生技,tse
6542,隆中,,otc
6546,正基,網通,otc
6547,高端疫苗,生技,otc
6548,長科*,半導體,otc
6550,北極星藥業-KY,生技,tse
6552,易華電,半導體,tse
6556,勝品,光電,otc
6558,興能高,其他電子,tse
6560,欣普羅,光電,otc
6561,是方,網通,otc
6568,宏觀,半導體,otc
6569,醫揚,生技,otc
6570,維田,電腦週邊,otc
6573,虹揚-KY,半導體,tse
6574,霈方,生技,otc
6576,逸達,生技,otc
6577,勁豐,電腦週邊,otc
6578,達邦蛋白,,otc
6579,研揚,電腦週邊,tse
6581,鋼聯,綠能環保,tse
6582,申豐,,tse
6584,南俊國際,電子組件,otc
6585,鼎基,其他,tse
6588,東典光電,網通,otc
6589,台康生技,生技,tse
6590,普鴻,,otc
6591,動力-KY,電腦週邊,tse
6592,和潤企業,其他,tse
6593,台灣銘板,,otc
6596,寬宏藝術,,otc
6597,立誠,電子組件,otc
6598,ABC-KY,生技,tse
6603,富強鑫,電機,otc
6605,帝寶,汽車,tse
6606,建德工業,電機,tse
6609,瀧澤科,電機,otc
6612,奈米醫材,生技,otc
6613,朋億*,其他電子,otc
6614,資拓宏宇,,tse
6615,慧智,生技,otc
6616,特昇-KY,,otc
6617,共信-KY,生技,otc
6620,漢達,生技,otc
6624,萬年清,綠能環保,otc
6625,必應,其他,tse
6629,泰金-KY,,otc
6637,醫影,生技,otc
6640,均華,半導體,otc
6641,基士德-KY,綠能環保,tse
6642,富致,電子組件,otc
6643,M31,半導體,otc
6645,金萬林-創,生技,tse
6649,台生材,生技,otc
6651,全宇昕,半導體,otc
6654,天正國際,其他電子,otc
6655,科定,其他,tse
6657,華安,生技,tse
6658,聯策,其他電子,tse
6661,威健生技,生技,otc
6662,樂斯科,生技,otc
6664,群翊,電子組件,otc
6666,羅麗芬-KY,生技,tse
6667,信紘科,其他電子,otc
6668,中揚光,光電,tse
6669,緯穎,電腦週邊,tse
6670,復盛應用,,tse
6671,三能-KY,,tse
6672,騰輝電子-KY,電子組件,tse
6674,鋐寶科技,網通,tse
6679,鈺太,半導體,otc
6680,鑫創電子,電腦週邊,otc
6683,雍智科技,半導體,otc
6684,安格,半導體,otc
6689,伊雲谷,,tse
6690,安碁資訊,,otc
6691,洋基工程,其他電子,tse
6692,進能服,綠能環保,otc
6693,廣閎科,半導體,otc
6695,芯鼎,半導體,tse
6697,東捷資訊,,otc
6698,旭暉應材,其他電子,tse
6703,軒郁,生技,otc
6706,惠特,光電,tse
6708,天擎,半導體,otc
6712,長聖,生技,otc
6715,嘉基,電子組件,tse
6716,應廣,半導體,otc
6719,力智,半導體,tse
6720,久昌,半導體,otc
6721,信實,其他,otc
6725,矽科宏晟,其他電子,otc
6727,亞泰金屬,電子組件,otc
6728,上洋,,otc
6730,常廣,生技,otc
6732,昇佳電子,半導體,otc
6733,博晟生醫,生技,otc
6735,美達科技,其他電子,otc
6739,竹陞科技,其他電子,otc
6741,91APP*-KY,,otc
6742,澤米,光電,tse
6743,安普新,其他電子,tse
6751,智聯服務,,otc
6752,叡揚,,otc
6753,龍德造船,航運,tse
6754,匯僑設計,,tse
6756,威鋒電子,半導體,tse
6757,台灣虎航,航運,tse
6761,穩得,電子組件,otc
6762,達亞,生技,otc
6763,綠界科技*,,otc
6767,台微醫,生技,otc
6768,志強-KY,,tse
6770,力積電,半導體,tse
6771,平和環保-創,綠能環保,tse
6776,展碁國際,電子通路,tse
6781,AES-KY,電子組件,tse
6782,視陽,生技,tse
6785,昱展新藥,生技,otc
6788,華景電,半導體,otc
6789,采鈺,半導體,tse
6790,永豐實,,tse
6791,虎門科技,,otc
6792,詠業,網通,tse
6794,向榮生技,生技,tse
6796,晉弘,生技,tse
6799,來頡,半導體,tse
6803,崑鼎,綠能環保,otc
6804,明係,,otc
6805,富世達,電子組件,tse
6806,森崴能源,綠能環保,tse
6807,峰源-KY,,tse
6811,宏碁資訊,,otc
6821,聯寶,電子組件,otc
6823,濾能,半導體,otc
6829,千附精密,半導體,otc
6830,汎銓,其他電子,tse
6831,邁科,電腦週邊,tse
6834,天二科技,電子組件,tse
6835,圓裕,電子組件,tse
6838,台新藥,生技,tse
6840,東研信超,其他電子,otc
6841,長佳智能,生技,otc
6843,進典,電機,otc
6844,諾貝兒,生技,otc
6846,綠茵,,otc
6854,錼創科技-KY創,半導體,tse
6855,數泓科,其他電子,otc
6856,鑫傳,,otc
6859,伯特光,光電,otc
6861,睿生光電,生技,tse
6862,三集瑞-KY,電子組件,tse
6863,永道-KY,網通,tse
6865,偉康科技,,otc
6869,雲豹能源,綠能環保,tse
6870,騰雲,,otc
6872,浩宇生醫,生技,otc
6873,泓德能源,綠能環保,tse
6874,倍力,,otc
6875,國邑*,生技,otc
6877,鏵友益,其他電子,otc
6881,潤德,其他,otc
6884,海柏特,,otc
6885,全福生技,生技,tse
6887,寶綠特-KY,綠能環保,tse
6890,來億-KY,,tse
6894,衛司特,綠能環保,otc
6895,宏碩系統,半導體,otc
6899,創為精密,光電,otc
6901,鑽石投資,其他,tse
6902,GOGOLOOK,,tse
6903,巨漢,其他電子,otc
6904,伯鑫,其他,otc
6906,現觀科,,tse
6909,創控,半導體,tse
6910,德鴻,,otc
6913,鴻呈,電子組件,otc
6914,阜爾運通,其他,tse
6916,華凌,光電,tse
6918,愛派司,生技,tse
6919,康霈*,生技,tse
6921,嘉雨思-創,半導體,tse
6922,宸曜,電腦週邊,otc
6923,中台,綠能環保,tse
6924,榮惠-KY創,電子組件,tse
6925,意藍,,otc
6928,攸泰科技,電腦週邊,tse
6929,佑全,生技,otc
6931,青松健康,生技,tse
6933,AMAX-KY,電腦週邊,tse
6936,永鴻生技,生技,tse
6937,天虹,半導體,tse
6944,兆聯實業,綠能環保,tse
6949,沛爾生醫-創,生技,tse
6951,青新-創,綠能環保,tse
6952,大武山,其他,tse
6953,家碩,半導體,otc
6955,邦睿生技-創,生技,tse
6957,裕慶-KY,其他,tse
6958,日盛台駿,其他,tse
6958A,日盛台駿甲特,,tse
6962,奕力-KY,半導體,tse
6965,中傑-KY,,tse
6967,汎瑋材料,電子組件,otc
6968,萬達寵物,,otc
6969,成信實業*-創,綠能環保,tse
6971,惠民實業,綠能環保,otc
6982,大井泵浦,電機,otc
6988,威力暘-創,汽車,tse
6994,富威電力,綠能環保,tse
6996,力領科技,半導體,otc
6997,博弘,,otc
7402,邑錡,光電,otc
7547,碩網,,otc
7556,意德士,半導體,otc
7584,樂意,,otc
7610,聯友金屬-創,綠能環保,tse
7631,聚賢研發-創,其他電子,tse
7642,昶瑞機電,電機,otc
7703,銳澤,其他電子,otc
7704,明遠精密,半導體,otc
7705,三商餐飲,觀光餐旅,tse
7708,全家餐飲,觀光餐旅,otc
7709,榮田,電機,otc
7711,永擎,電腦週邊,tse
7712,博盛半導體,半導體,otc
7713,威力德生醫,生技,otc
7714,創泓科技,,otc
7715,裕山,綠能環保,otc
7716,昱臺國際,航運,otc
7717,萊德光電-KY,網通,otc
7718,友鋮,,otc
7721,微程式,,tse
7722,LINEPAY,,tse
7723,築間,觀光餐旅,otc
7728,光焱科技,其他電子,otc
7730,暉盛-創,半導體,tse
7732,金興精密,汽車,tse
7734,印能科技,半導體,otc
7736,虎山,汽車,tse
7738,東聯互動,,otc
7740,熙特爾-創,綠能環保,tse
7743,金利食安,,otc
7744,崴寶,電子組件,otc
7747,昕奇雲端,,otc
7749,意騰-KY,半導體,tse
7750,新代,電機,tse
7751,竑騰,半導體,otc
7753,星亞,光電,otc
7757,金色三麥,觀光餐旅,otc
7765,中華資安,,tse
7767,仁大資訊,,otc
7769,鴻勁,半導體,tse
7770,君曜,半導體,otc
7777,能率亞洲,其他,otc
7782,光速火箭,,otc
7786,東方風能,綠能環保,tse
7788,松川精密,電子組件,tse
7791,皇家可口,,tse
7799,禾榮科,生技,tse
7805,威聯通,,otc
7810,捷創科技,半導體,otc
8011,台通,網通,tse
8016,矽創,半導體,tse
8021,尖點,其他電子,tse
8024,佑華,半導體,otc
8027,鈦昇,電機,otc
8028,昇陽半導體,半導體,tse
8032,光菱,電子通路,otc
8033,雷虎,其他,tse
8034,榮群,網通,otc
8038,長園科,電子組件,otc
8039,台虹,電子組件,tse
8040,九暘,半導體,otc
8042,金山電,電子組件,otc
8043,蜜望實,電子組件,otc
8044,網家,,otc
8045,達運光電,網通,tse
8046,南電,電子組件,tse
8047,星雲,其他電子,otc
8048,德勝,網通,otc
8049,晶采,光電,otc
8050,廣積,電腦週邊,otc
8054,安國,半導體,otc
8059,凱碩,網通,otc
8064,東捷,光電,otc
8066,來思達,,otc
8067,志旭,電子通路,otc
8068,全達,電子通路,otc
8069,元太,光電,otc
8070,長華*,電子通路,tse
8071,能率網通,電子組件,otc
8072,陞泰,電子通路,tse
8074,鉅橡,電子組件,otc
8076,伍豐,電腦週邊,otc
8077,洛碁,觀光餐旅,otc
8080,泰霖,營建,otc
8081,致新,半導體,tse
8083,瑞穎,電機,otc
8084,巨虹,電子通路,otc
8085,福華,其他電子,otc
8086,宏捷科,半導體,otc
8087,麗升能源,綠能環保,otc
8088,品安,半導體,otc
8089,康全電訊,網通,otc
8091,翔名,半導體,otc
8092,建暐,其他電子,otc
8093,保銳,電子組件,otc
8096,擎亞,電子通路,otc
8097,常珵,網通,otc
8099,大世科,,otc
8101,華冠,網通,tse
8102,傑霖科技,半導體,otc
8103,瀚荃,電子組件,tse
8104,錸寶,光電,tse
8105,凌巨,光電,tse
8107,大億金茂,電機,otc
8109,博大,電子組件,otc
8110,華東,半導體,tse
8111,立碁,光電,otc
8112,至上,電子通路,tse
8112A,至上甲特,,tse
8114,振樺電,電腦週邊,tse
8121,越峰,電子組件,otc
8131,福懋科,半導體,tse
8147,正淩,電子組件,otc
8150,南茂,半導體,tse
8155,博智,電子組件,otc
8162,微矽電子-創,半導體,tse
8163,達方,電腦週邊,tse
8171,天宇,綠能環保,otc
8176,智捷,網通,otc
8182,加高,電子組件,otc
8183,精星,其他電子,otc
8201,無敵,其他電子,tse
8210,勤誠,電腦週邊,tse
8213,志超,電子組件,tse
8215,明基材,光電,tse
8222,寶一,電機,tse
8227,巨有科技,半導體,otc
8234,新漢,電腦週邊,otc
8240,華宏,光電,otc
8249,菱光,電子組件,tse
8255,朋程,電機,otc
8261,富鼎,半導體,tse
8271,宇瞻,半導體,tse
8272,全景軟體,,otc
8277,商丞,半導體,otc
8279,生展,生技,otc
8284,三竹,,otc
8289,泰藝,電子組件,otc
8299,群聯,半導體,otc
8341,日友,綠能環保,tse
8342,益張,其他,otc
8349,恒耀,,otc
8349A,恒耀甲特,,otc
8354,冠好,其他,otc
8358,金居,電子組件,otc
8367,建新國際,航運,tse
8374,羅昇,電機,tse
8383,千附,半導體,otc
8390,金益鼎,綠能環保,otc
8401,白紗科,其他,otc
8403,盛弘,生技,otc
8404,百和興業-KY,其他,tse
8409,商之器,生技,otc
8410,森田,電腦週邊,otc
8411,福貞-KY,其他,tse
8415,大國鋼,,otc
8416,實威,,otc
8421,旭源,其他,otc
8422,可寧衛*,綠能環保,tse
8423,保綠-KY,綠能環保,otc
8424,惠普,營建,otc
8426,紅木-KY,其他,otc
8429,金麗-KY,,tse
8431,匯鑽科,其他電子,otc
8432,東生華,生技,otc
8433,弘帆,,otc
8435,鉅邁,其他,otc
8436,大江,生技,otc
8437,大地-KY,其他,otc
8438,昶昕,綠能環保,tse
8440,綠電,綠能環保,otc
8442,威宏-KY,其他,tse
8443,阿瘦,,tse
8444,綠河-KY,其他,otc
8446,華研,,otc
8450,霹靂,,otc
8454,富邦媒,,tse
8455,大拓-KY,其他電子,otc
8462,柏文,,tse
8463,潤泰材,其他,tse
8464,億豐,,tse
8466,美吉吉-KY,其他,tse
8467,波力-KY,,tse
8472,夠麻吉,,otc
8473,山林水,綠能環保,tse
8476,台境*,綠能環保,tse
8477,創業家,,otc
8478,東哥遊艇,,tse
8481,政伸,其他,tse
8482,商億-KY,,tse
8487,愛爾達-創,,tse
8488,吉源-KY,其他,tse
8489,三貝德,其他,otc
8499,鼎炫-KY,其他電子,tse
8905,裕國,其他,otc
8906,花王,其他,otc
8908,欣雄,,otc
8916,光隆,其他,otc
8917,欣泰,,otc
8921,沈氏,其他,otc
8923,時報,,otc
8924,大田,,otc
8926,台汽電,,tse
8927,北基,,otc
8928,鉅明,,otc
8929,富堡,其他,otc
8930,青鋼,,otc
8931,大汽電,,otc
8932,智通*,其他,otc
8933,愛地雅,,otc
8935,邦泰,其他,otc
8936,國統,其他,otc
8937,合騏,其他,otc
8938,明安,,otc
8940,新天地,觀光餐旅,tse
8941,關中,,otc
8942,森鉅,其他,otc
8996,高力,電機,tse
9103,美德醫療-DR,,tse
910322,康師傅-DR,,tse
9105,泰金寶-DR,,tse
910861,神州-DR,,tse
9110,越南控-DR,,tse
911608,明輝-DR,,tse
911622,泰聚亨-DR,,tse
911868,同方友友-DR,,tse
912000,晨訊科-DR,,tse
9136,巨騰-DR,,tse
9802,鈺齊-KY,,tse
9902,台火,其他,tse
9904,寶成,,tse
9905,大華,其他,tse
9906,欣巴巴,營建,tse
9907,統一實,其他,tse
9908,大台北,,tse
9910,豐泰,,tse
9911,櫻花,,tse
9912,偉聯,電腦週邊,tse
9914,美利達,,tse
9917,中保科,其他,tse
9918,欣天然,,tse
9919,康那香,其他,tse
9921,巨大,,tse
9924,福興,,tse
9925,新保,其他,tse
9926,新海,,tse
9927,泰銘,其他,tse
9928,中視,其他,tse
9929,秋雨,其他,tse
9930,中聯資源,綠能環保,tse
9931,欣高,,tse
9933,中鼎,其他,tse
9934,成霖,,tse
9935,慶豐富,,tse
9937,全國,,tse
9938,百和,其他,tse
9939,宏全,其他,tse
9940,信義,其他,tse
9941,裕融,其他,tse
9941A,裕融甲特,,tse
9942,茂順,其他,tse
9943,好樂迪,觀光餐旅,tse
9944,新麗,其他,tse
9945,潤泰新,其他,tse
9946,三發地產,營建,tse
9949,琉園,,otc
9950,萬國通,,otc
9951,皇田,電機,otc
9955,佳龍,綠能環保,tse
9958,世紀鋼,,tse
9960,邁達康,,otc
9962,有益,,otc
